comparison,spearman_rho,p_value,n_categories
clip_within,0.9479382450654681,5.2076118126068195e-43,85
dinov3_within,0.8508696501856556,6.43265667662362e-25,85
cross_global,0.545124096150088,6.882975677965644e-08,85
cross_local_knn,0.6262849325776823,1.4515224464321168e-10,85
