cdi_semantic,n_categories,clip_global_mean,clip_global_sd,dino_global_mean,dino_global_sd,clip_local_mean,dino_local_mean,clip_global_z_mean,dino_global_z_mean,clip_local_z_mean,dino_local_z_mean
toys,5,27.261088661094853,1.5204963204895379,32.8629015212735,1.372016290355268,31.05302045338799,38.95626428794291,1.1303486722267633,0.32732277856902514,1.0942177036199743,0.5028310968036702
outside,7,26.012336588585793,1.65435755034214,32.283430148734574,2.205011953819336,29.090163839146935,36.52521896642616,0.6258757966787829,0.0852992181843908,0.5306434011927331,-0.18119347866659963
vehicles,2,25.286363387431983,0.8481181299729752,33.816986528378344,6.310431254956213,28.02995149958261,39.34132755794443,0.33259597242913747,0.725808469617726,0.22623582227961547,0.6111765634474815
household,25,25.127741071283843,1.8586310263206045,32.93514485979221,1.4846696050275596,27.855395180391362,38.28989704570759,0.268515473413389,0.3574961241922325,0.17611730872710588,0.31533497489142054
animals,5,24.91113266001205,1.6425082662230286,34.039007107863405,3.5685424298890713,27.256467283258207,38.542572019222106,0.18100965820172235,0.8185381775413447,0.004153463083931963,0.38643027285254494
furniture_rooms,14,24.67559187257687,1.4725061559722452,32.47772904853568,1.0390751130155458,27.706597642863045,37.40666484150115,0.08585551114392052,0.16645061536669203,0.13339464227913475,0.06681943790133095
clothing,13,24.65374066831705,1.3620258314525757,31.636172306891346,1.0984819187434927,28.243558691436927,37.71434074047614,0.07702802641751685,-0.18503621992950892,0.28756660073247053,0.15339037687810467
food_drink,2,22.82513538485651,0.12484572009280812,30.7806033831587,1.7135032539436177,25.051378439965,35.16362508017647,-0.6616948841567748,-0.5423754206029905,-0.6289704226001823,-0.5643059084356055
body_parts,12,20.503327124873227,2.6997349149210903,28.97551802780156,3.0008305472560064,21.89877967991198,32.99775515802859,-1.599662728351345,-1.2962921888939907,-1.5341428300696112,-1.1737179341631676
